  {
    "technique": "ModelChecking",
    "metrics": {
      "PatrolSuccessProbability": 0.96059060100000002,
      "ForbiddenZoneEntryProbability": 0.03940399,
      "AvoidanceSafetyProbability": 0.96059601,
      "ConditionalPatrolSuccessProbability": 1.0,
      "HighRadiationAlertProbability": 0.0746218593599278,
      "BatteryDepletionRisk": 0.9702990000000001,
      "ExpectedNumberOfMoves": 3.940399,
      "TimeBoundedCompletionProbability": 0.96059060100000002,
      "CombinedSafetyEnergyProbability": 0.0
    }
}