{
      "PatrolSuccessProbability": "https://w3id.org/RoboOntology/#PatrolSuccessProbability",
      "ForbiddenZoneEntryProbability": "https://w3id.org/RoboOntology/#Forbidden‐ZoneEntryProbability",
      "AvoidanceSafetyProbability": "https://w3id.org/RoboOntology/#AvoidanceSafetyProbability",
      "ConditionalPatrolSuccessProbability": "https://w3id.org/RoboOntology/#ConditionalPatrolSuccessGivenNoCollision",
      "HighRadiationAlertProbability": "https://w3id.org/RoboOntology/#High‐RadiationAlertRate",
      "BatteryDepletionRisk": "https://w3id.org/RoboOntology/#Battery‐DepletionRisk",
      "ExpectedNumberOfMoves": "https://w3id.org/RoboOntology/#ExpectedMoves",
      "TimeBoundedCompletionProbability": "https://w3id.org/RoboOntology/#TimeBoundedCompletionProbability",
      "CombinedSafetyEnergyProbability": "https://w3id.org/RoboOntology/#CombinedSafetyEnergyProbability"
}