 {
    "technique": "Simulation",
    "metrics": {
      "PatrolSuccessProbability": 0.9191919191919192,
      "ForbiddenZoneEntryProbability": 0.04040404040404041,
      "AvoidanceSafetyProbability": 0.9595959595959596,
      "ConditionalPatrolSuccessProbability": 0.9578947368421052,
      "HighRadiationAlertProbability": 0.21602787456445993,
      "BatteryDepletionRisk": 0.04040404040404041,
      "ExpectedNumberOfMoves": 3.919191919191919,
      "TimeBoundedCompletionProbability": 0.9191919191919192,
      "CombinedSafetyEnergyProbability": 0.04040404040404041
    }
}


